id;street_address;postal_code;city;state_province
1;Secured Program;the program Ghana;West Hopefort;Soft Colombia
2;installation International generating;Chief;Lake Jovanburgh;Gold harness
3;neural;e-commerce Reverse-engineered Directives;South Douglasfort;Outdoors
4;pink;SCSI;East Connermouth;Fuerte Sports
5;17(E.U.A.-17) Frozen Venezuela;analyzer;Stoltenbergside;open-source e-services
6;Monaco Business-focused RAM;Designer Austria;North Luna;Liaison Tactics infomediaries
7;turn-key synthesize;Bedfordshire Technician;Rathstad;auxiliary
8;Stream vertical;embrace auxiliary;Kshlerinhaven;Mauritius
9;infrastructures yellow blockchains;Refined Nicaragua synthesize;Lake Cecil;withdrawal payment
10;IB;Parks;West Whitney;Gardens Usability
